{
	"format_version": "1.8.0",
	"animations": {
		"idleblock": {
			"loop": true,
			"animation_length": 1,
			"bones": {
				"holeblock": {
					"rotation": {
						"0.0": {
							"vector": [-2.39088, 2.49762, 2.50238],
							"easing": "bezier",
							"left": [0, 0, 0],
							"left_time": [-0.1, -0.1, -0.1],
							"right": [0, 0, 0],
							"right_time": [0.1, 0.1, 0.1]
						},
						"0.0417": [-2.09792, 2.19827, 2.20274],
						"0.0833": [-1.22472, 1.30601, 1.30963],
						"0.1667": [1.33384, -1.30839, -1.30725],
						"0.2083": [2.20704, -2.20065, -2.20036],
						"0.25": {
							"vector": [2.5, -2.5, -2.5],
							"easing": "bezier",
							"left": [0, 0, 0],
							"left_time": [-0.1, -0.1, -0.1],
							"right": [0, 0, 0],
							"right_time": [0.1, 0.1, 0.1]
						},
						"0.2917": [2.20718, -2.19412, -2.20049],
						"0.3333": [1.33438, -1.28239, -1.30777],
						"0.4167": [-1.22298, 1.38903, 1.30798],
						"0.4583": [-2.09578, 2.30075, 2.2007],
						"0.5": {
							"vector": [-2.3886, 2.60664, 2.50021],
							"easing": "bezier",
							"left": [0, 0, 0],
							"left_time": [-0.1, -0.1, -0.1],
							"right": [0, 0, 0],
							"right_time": [0.1, 0.1, 0.1]
						},
						"0.5417": [-2.10245, 2.29437, 2.20069],
						"0.5833": [-1.24954, 1.36361, 1.30793],
						"0.6667": [1.24954, -1.36361, -1.30793],
						"0.7083": [2.10245, -2.29437, -2.20069],
						"0.75": {
							"vector": [2.3886, -2.60664, -2.50021],
							"easing": "bezier",
							"left": [0, 0, 0],
							"left_time": [-0.1, -0.1, -0.1],
							"right": [0, 0, 0],
							"right_time": [0.1, 0.1, 0.1]
						},
						"0.7917": [2.10231, -2.3009, -2.20056],
						"0.8333": [1.249, -1.3896, -1.30741],
						"0.9167": [-1.25128, 1.28058, 1.30958],
						"0.9583": [-2.1046, 2.19188, 2.20273],
						"1.0": {
							"vector": [-2.39088, 2.49762, 2.50238],
							"easing": "bezier",
							"left": [0, 0, 0],
							"left_time": [-0.1, -0.1, -0.1],
							"right": [0, 0, 0],
							"right_time": [0.1, 0.1, 0.1]
						}
					},
					"position": {
						"0.0": {
							"vector": [0, 0.525, 0],
							"easing": "bezier",
							"left": [0, 0, 0],
							"left_time": [-0.1, -0.1, -0.1],
							"right": [0, 0, 0],
							"right_time": [0.1, 0.1, 0.1]
						},
						"0.0417": [0, 0.52829, 0],
						"0.25": {
							"vector": [0, 0.58, 0],
							"easing": "bezier",
							"left": [0, 0, 0],
							"left_time": [-0.1, -0.1, -0.1],
							"right": [0, 0, 0],
							"right_time": [0.1, 0.1, 0.1]
						},
						"0.2917": [0, 0.57701, 0],
						"0.5": {
							"vector": [0, 0.53, 0],
							"easing": "bezier",
							"left": [0, 0, 0],
							"left_time": [-0.1, -0.1, -0.1],
							"right": [0, 0, 0],
							"right_time": [0.1, 0.1, 0.1]
						},
						"0.5417": [0, 0.5285, 0],
						"0.75": {
							"vector": [0, 0.505, 0],
							"easing": "bezier",
							"left": [0, 0, 0],
							"left_time": [-0.1, -0.1, -0.1],
							"right": [0, 0, 0],
							"right_time": [0.1, 0.1, 0.1]
						},
						"0.7917": [0, 0.49521, 0],
						"0.875": [0, 0.43805, 0],
						"0.9167": [0, 0.42239, 0],
						"0.9583": [0, 0.43707, 0],
						"1.0": {
							"vector": [0, 0.485, 0],
							"easing": "bezier",
							"left": [0, -0.15186, 0],
							"left_time": [-0.1, -0.1, -0.1],
							"right": [0, 0.15186, 0],
							"right_time": [0.1, 0.1, 0.1]
						}
					}
				}
			}
		},
		"opening": {
			"loop": "hold_on_last_frame",
			"animation_length": 12,
			"bones": {
				"lid": {
					"rotation": {
						"3.25": {
							"vector": [0, 0, 0]
						},
						"3.2917": [-1.34737, 0, 0],
						"3.3333": [-3.1251, 0, 0],
						"3.375": [-4.52536, 0, 0],
						"3.4167": [-5.58858, 0, 0],
						"3.4583": [-6.42257, 0, 0],
						"3.5": [-7.09476, 0, 0],
						"3.7917": [-9.49954, 0, 0],
						"4.0": {
							"vector": [-10, 0, 0]
						},
						"4.0417": [-10.03749, 0, 0],
						"4.5833": [-10.1878, 0, 0],
						"5.125": [-10.07744, 0, 0],
						"5.6667": [-9.91043, 0, 0],
						"6.2083": [-9.81037, 0, 0],
						"6.75": {
							"vector": [-10, 0, 0]
						},
						"6.7917": [-10.02554, 0, 0],
						"6.9167": [-9.66842, 0, 0],
						"6.9583": [-9.35354, 0, 0],
						"7.0": [-8.8989, 0, 0],
						"7.0417": [-8.26025, 0, 0],
						"7.0833": [-7.3628, 0, 0],
						"7.125": [-6.06683, 0, 0],
						"7.1667": [-4.059, 0, 0],
						"7.2083": [-0.87633, 0, 0],
						"7.25": {
							"vector": [0, 0, 0]
						},
						"7.2917": [-0.21099, 0, 0],
						"7.8333": [-0.55341, 0, 0],
						"8.375": [-0.51911, 0, 0],
						"8.9167": [-0.39821, 0, 0],
						"9.4583": [-0.24172, 0, 0],
						"10.0": [-0.07802, 0, 0],
						"10.5417": [0.05581, 0, 0],
						"11.0": {
							"vector": [0, 0, 0]
						},
						"11.0417": [-0.8292, 0, 0],
						"11.0833": [-3.54341, 0, 0],
						"11.125": [-8.87247, 0, 0],
						"11.1667": [-18.11207, 0, 0],
						"11.2083": [-33.78217, 0, 0],
						"11.25": [-60.66645, 0, 0],
						"11.2917": [-95.28867, 0, 0],
						"11.3333": [-113.80198, 0, 0],
						"11.375": [-118.66373, 0, 0],
						"11.4167": [-117.01146, 0, 0],
						"11.4583": [-111.84123, 0, 0],
						"11.5": {
							"vector": [-104.5, 0, 0]
						}
					}
				},
				"knob1": {
					"rotation": {
						"1.25": {
							"vector": [0, 0, 0]
						},
						"1.2917": [-16.10713, 0, 0],
						"1.3333": [-37.06073, 0, 0],
						"1.375": [-55.33189, 0, 0],
						"1.4167": [-66.30509, 0, 0],
						"1.4583": [-73.17357, 0, 0],
						"1.5": [-77.89556, 0, 0],
						"1.5417": [-81.34824, 0, 0],
						"1.5833": [-83.9716, 0, 0],
						"1.625": [-86.0095, 0, 0],
						"1.6667": [-87.61674, 0, 0],
						"1.7083": [-88.89104, 0, 0],
						"1.75": [-89.90249, 0, 0],
						"1.7917": [-90.69889, 0, 0],
						"1.8333": [-91.31848, 0, 0],
						"1.875": [-91.78777, 0, 0],
						"1.9167": [-92.13088, 0, 0],
						"2.0": {
							"vector": [-92.5, 0, 0]
						}
					}
				},
				"toplid": {
					"rotation": {
						"vector": [0, 0, 0]
					}
				},
				"knob2": {
					"rotation": {
						"2.25": {
							"vector": [0, 0, 0]
						},
						"2.2917": [-16.10713, 0, 0],
						"2.3333": [-37.06073, 0, 0],
						"2.375": [-55.33189, 0, 0],
						"2.4167": [-66.30509, 0, 0],
						"2.4583": [-73.17357, 0, 0],
						"2.5": [-77.89556, 0, 0],
						"2.5417": [-81.34824, 0, 0],
						"2.5833": [-83.9716, 0, 0],
						"2.625": [-86.0095, 0, 0],
						"2.6667": [-87.61674, 0, 0],
						"2.7083": [-88.89104, 0, 0],
						"2.75": [-89.90249, 0, 0],
						"2.7917": [-90.69889, 0, 0],
						"2.8333": [-91.31848, 0, 0],
						"2.875": [-91.78777, 0, 0],
						"2.9167": [-92.13088, 0, 0],
						"3.0": {
							"vector": [-92.5, 0, 0]
						}
					}
				},
				"holeblock": {
					"rotation": {
						"0.0": {
							"vector": [0, 0, 0]
						},
						"0.0417": [0, 0, 0],
						"0.5833": [0, 0, 0],
						"1.125": [0, 0, 0],
						"1.6667": [0, 0, 0],
						"2.2083": [0, 0, 0],
						"2.75": [0, 0, 0],
						"3.2917": [0, 0, 0],
						"3.8333": [0, 0, 0],
						"4.375": [0, 0, 0],
						"4.9167": [0, 0, 0],
						"5.4583": [0, 0, 0],
						"6.0": [0, 0, 0],
						"6.5417": [0, 0, 0],
						"7.0833": [0, 0, 0],
						"7.625": [0, 0, 0],
						"7.75": {
							"vector": [0, 0, 0]
						},
						"7.7917": [0, 0, 0],
						"8.25": {
							"vector": [0, 0, 0]
						},
						"8.2917": [0, -1.21064, 0],
						"8.3333": [0, -4.45178, 0],
						"8.375": [0, -9.32476, 0],
						"8.4167": [0, -15.57093, 0],
						"8.4583": [0, -23.00921, 0],
						"8.5": [0, -31.50483, 0],
						"8.5417": [0, -40.95286, 0],
						"8.5833": [0, -51.26958, 0],
						"8.625": [0, -62.38645, 0],
						"8.6667": [0, -74.24536, 0],
						"8.7083": [0, -86.79706, 0],
						"8.75": {
							"vector": [0, -100, 0]
						},
						"8.7917": [0, -109.26055, 0],
						"8.8333": [0, -110.73568, 0],
						"8.875": [0, -105.67402, 0],
						"8.9167": [0, -95.60721, 0],
						"8.9583": [0, -82.49091, 0],
						"9.0": [0, -68.8801, 0],
						"9.0417": [0, -58.25284, 0],
						"9.0833": [0, -55.58261, 0],